<?xml version="1.0" encoding="UTF-8"?>
<!DOCTYPE MudletPackage>
<MudletPackage version="1.001">
    <TriggerPackage/>
    <TimerPackage/>
    <AliasPackage/>
    <ActionPackage/>
    <ScriptPackage>
        <Script isActive="yes" isFolder="no">
            <name>StatusBarController</name>
            <packageName></packageName>
            <script>Ele = Ele or {}
Ele.UI = Ele.UI or {}
Ele.UI.ScrollbarWidth = 15 -- Width of you scrollbar ADAPT TO SYSTEM.
Ele.UI.BottomAlign   = false -- Set to true to align to bottom

Ele.UI.Status = {}
Ele.UI.Status.HideXPRate = false -- Set to true to hide the XP/Hour bar.
Ele.UI.Status.BarHeight  = 20  -- Height of the bars
Ele.UI.Status.BarWidth   = 200 -- Width of the bars
Ele.UI.Status.BarYMargin = 10 -- Vertical spacing between bars
Ele.UI.Status.Border     = 2 -- Thickness of the border around that surrounds the bars.
Ele.UI.Status.Margin     = 2 -- Size of the margin that surrounds the border.
Ele.UI.Status.Padding    = 4 -- Size of the padding that sits between border and bars.
Ele.UI.Status.Space      = (Ele.UI.Status.Border + Ele.UI.Status.Margin + Ele.UI.Status.Padding) -- DON'T CHANGE Total space between bars and outer edge of the statuscontainer calculated from other values. If you've read this you'll know whether you can safely change this.
Ele.UI.Status.Width      = Ele.UI.Status.BarWidth + Ele.UI.Status.Space * 2 -- DON'T CHANGE Width of the statuscontainer automatically calculated from other values.  If you've read this you'll know whether you can safely change this.
Ele.UI.Status.X          = -1 * (Ele.UI.Status.Width + Ele.UI.ScrollbarWidth) -- X coordinate of the statuscontainer within its parent window
Ele.UI.Status.Y          = 0 -- Y coordinate of the statuscontainer that holds everything else
Ele.UI.Status.BarX          = Ele.UI.Status.Space -- X coordinate of the bars within the statuscontainer.
Ele.UI.Status.Barcount = 0
Ele.UI.Status.Gradient = {}
Ele.UI.Status.Gradient.Red = {}
Ele.UI.Status.Gradient.Yellow = {}
Ele.UI.Status.Gradient.Green = {}
Ele.UI.Status.Gradient.Lime = {}
Ele.UI.Status.Gradient.Blue = {}
Ele.UI.Status.Gradient.Red.Front = {&quot;f04141&quot;, &quot;ef2929&quot;, &quot;cc0000&quot;, &quot;a40000&quot;}
Ele.UI.Status.Gradient.Red.Back = {&quot;bd3333&quot;, &quot;bd2020&quot;, &quot;990000&quot;, &quot;700000&quot;}
Ele.UI.Status.Gradient.Yellow.Front = {&quot;f0f041&quot;, &quot;f0f029&quot;, &quot;cccc00&quot;, &quot;a3a300&quot;}
Ele.UI.Status.Gradient.Yellow.Back = {&quot;bdbd33&quot;, &quot;bdbd20&quot;, &quot;999900&quot;, &quot;707000&quot;}
Ele.UI.Status.Gradient.Green.Front = {&quot;41f041&quot;, &quot;29ef29&quot;, &quot;00cc00&quot;, &quot;00a400&quot;}
Ele.UI.Status.Gradient.Green.Back = {&quot;33bd33&quot;, &quot;20bd20&quot;, &quot;009900&quot;, &quot;007000&quot;}
Ele.UI.Status.Gradient.Lime.Front = {&quot;98f041&quot;, &quot;8cf029&quot;, &quot;66cc00&quot;, &quot;52a300&quot;}
Ele.UI.Status.Gradient.Lime.Back = {&quot;78bd33&quot;, &quot;6ebd20&quot;, &quot;4c9900&quot;, &quot;387000&quot;}
Ele.UI.Status.Gradient.Blue.Front = {&quot;4141f0&quot;, &quot;2929ef&quot;, &quot;0000cc&quot;, &quot;0000a4&quot;}
Ele.UI.Status.Gradient.Blue.Back = {&quot;3333bd&quot;, &quot;2020bd&quot;, &quot;000099&quot;, &quot;000070&quot;}

Ele.UI.Status.BarY = function (increment)
  increment = increment or 1
  return (Ele.UI.Status.BarYMargin + Ele.UI.Status.BarHeight) * (Ele.UI.Status.Barcount) + Ele.UI.Status.Space
end

Ele.UI.Status.createStatusBar = function (ref, cons, container)
  cons.x = cons.x or Ele.UI.Status.BarX
  cons.y = cons.y or Ele.UI.Status.BarY()
  cons.width = cons.width or Ele.UI.Status.BarWidth
  cons.height = cons.height or Ele.UI.Status.BarHeight
  for k,v in ipairs(cons) do
    display(&quot;cons[&quot; .. k .. &quot;] : &quot; .. v)
  end
  ref = ref or Geyser.Gauge:new(cons, container)
  ref.x = cons.x
  ref.y = cons.y
  ref.width = cons.width
  ref.height = cons.height
  Ele.UI.Status.Barcount = Ele.UI.Status.Barcount + 1
  return ref
end

Ele.UI.Status.styleStatusBar = function (bar, gradient)
  if bar == nil then return end
  bar.front:setStyleSheet([[background-color: QLinearGradient( x1: 0, y1: 0, x2: 0, y2: 1, stop: 0 #]] .. gradient.Front[1] .. [[, stop: 0.1 #]] .. gradient.Front[2] .. [[, stop: 0.49 #]] .. gradient.Front[3] .. [[, stop: 0.5 #]] .. gradient.Front[4] .. [[, stop: 1 #]] .. gradient.Front[3] .. [[);
    border-top: 1px black solid;
    border-left: 1px black solid;
    border-bottom: 1px black solid;
    border-radius: 7;
    padding: 1px;
    padding-right: 0px;]])
  bar.back:setStyleSheet([[background-color: QLinearGradient( x1: 0, y1: 0, x2: 0, y2: 1, stop: 0 #]] .. gradient.Front[1] .. [[, stop: 0.1 #]] .. gradient.Back[2] .. [[, stop: 0.49 #]] .. gradient.Back[3] .. [[, stop: 0.5 #]] .. gradient.Back[4] .. [[, stop: 1 #]] .. gradient.Back[3] .. [[);
    border-width: 1px;
    border-color: black;
    border-style: solid;
    border-radius: 7;
    padding: 1px;
    padding-left: 0px;]])
end

Ele.UI.Status.alignY = function ()
  if Ele.UI.BottomAlign then
    return (-1) * (Ele.UI.Status.BarY(0) + 2 * Ele.UI.Status.Space)
  else
    return Ele.UI.Status.Y
  end
end

Ele.UI.Status.initStatus = function ()
  Ele.UI.Status.Container = Ele.UI.Status.Container or Geyser.Container:new()
  Ele.UI.Status.Styler = Ele.UI.Status.Styler or Geyser.Label:new({name = &quot;statuscontainer_style_label&quot;}, Ele.UI.Status.Container)
  Ele.UI.Status.Styler:setStyleSheet(
    [[background: black;
      border-width:    ]] .. Ele.UI.Status.Border .. [[px;
      border-color: white;
      border-style: solid;
      padding:         ]] .. Ele.UI.Status.Padding .. [[px;
      margin:          ]] .. Ele.UI.Status.Margin .. [[px;
      border-radius: 10;]])
  Ele.UI.Status.Barcount = 0
  -- Reorder createStatusBar lines to reorder the bars in the interface
  Ele.UI.Status.HPBar = Ele.UI.Status.createStatusBar(Ele.UI.Status.HPBar,{name = &quot;hpBar&quot;}, Ele.UI.Status.Container)
  Ele.UI.Status.GPBar = Ele.UI.Status.createStatusBar(Ele.UI.Status.GPBar,{name = &quot;mpBar&quot;}, Ele.UI.Status.Container)
  Ele.UI.Status.XPBar = Ele.UI.Status.createStatusBar(Ele.UI.Status.XPBar,{name = &quot;xpBar&quot;}, Ele.UI.Status.Container)
  Ele.UI.Status.BPBar = Ele.UI.Status.createStatusBar(Ele.UI.Status.BRBar,{name = &quot;spBar&quot;}, Ele.UI.Status.Container)
  Ele.UI.Status.styleStatusBar(Ele.UI.Status.HPBar, Ele.UI.Status.Gradient.Red)
  Ele.UI.Status.styleStatusBar(Ele.UI.Status.GPBar, Ele.UI.Status.Gradient.Yellow)
  Ele.UI.Status.styleStatusBar(Ele.UI.Status.XPBar, Ele.UI.Status.Gradient.Green)
  Ele.UI.Status.styleStatusBar(Ele.UI.Status.BPBar, Ele.UI.Status.Gradient.Blue)
  Ele.UI.Status.Container:set_constraints({x=Ele.UI.Status.X,y = Ele.UI.Status.alignY(),width = Ele.UI.Status.Width,height = (Ele.UI.Status.BarY() - Ele.UI.Status.BarYMargin) + Ele.UI.Status.Space})
  Ele.UI.Status.Styler:set_constraints({x = 0, y = 0, width = &quot;100%&quot;, height = &quot;100%&quot;})
  --Bind eventhandler for gmcp.Char.Vitals to status update function.
  registerAnonymousEventHandler(&quot;gmcp.Char.Vitals&quot;, &quot;Ele.UI.Status.update&quot;)
end

Ele.UI.Status.updateStatusBar = function (bar, barname, bmin, bmax)
  if bar then
    bar:setValue(bmin &gt; bmax and bmax or bmin, bmax, string.format(&quot;%s: [%d/%d]&quot;, barname, bmin, bmax))
  end
end

Ele.UI.Status.update = function ()
  Ele.UI.Status.updateStatusBar(Ele.UI.Status.HPBar, &quot;HP&quot;, gmcp.Char.Vitals.hp, gmcp.Char.Vitals.maxhp)
  Ele.UI.Status.updateStatusBar(Ele.UI.Status.GPBar, &quot;MP&quot;, gmcp.Char.Vitals.mp, gmcp.Char.Vitals.maxmp)
  Ele.UI.Status.updateStatusBar(Ele.UI.Status.BPBar, &quot;SP&quot;, gmcp.Char.Vitals.sp, gmcp.Char.Vitals.maxsp)
  Ele.UI.Status.updateStatusBar(Ele.UI.Status.XPBar, &quot;XP&quot;, gmcp.Char.Vitals.exp, gmcp.Char.Vitals.maxexp)
end

Ele.UI.Status.initStatus()
</script>
            <eventHandlerList/>
        </Script>
    </ScriptPackage>
    <KeyPackage/>
</MudletPackage>
