<?xml version="1.0" encoding="UTF-8"?>
<!DOCTYPE MudletPackage>
<MudletPackage version="1.001">
    <TriggerPackage/>
    <TimerPackage/>
    <AliasPackage/>
    <ActionPackage/>
    <ScriptPackage>
        <Script isActive="no" isFolder="no">
            <name>LayoutController</name>
            <packageName></packageName>
            <script>ui = ui or {}
ui.layout = ui.layout or {}

if not ui.layout.is_loaded then
  
  --- main window ---
  setBorderLeft(200)
  setBorderRight(200)
  
  
  --- constraints ---
  ui.layout.cons = {}
  
  ui.layout.cons.main_console_container = {
    name = &quot;main_console_container&quot;,
  	x = &quot;20%&quot;,
  	y = 0,
  	width = &quot;60%&quot;,
    height = &quot;100%&quot;
  }
  
  ui.layout.cons.left_and_right_containers = {
  	y = 0,
  	width = &quot;20%&quot;,
    height = &quot;100%&quot;
  }
  
  ui.layout.cons.left_container = {
    name = &quot;left_container&quot;,
  	x = 0,
  	y = 0,
  	width = ui.layout.cons.left_and_right_containers.width,
    height = ui.layout.cons.left_and_right_containers.height
  }
  
  ui.layout.cons.right_container = {
    name = &quot;right_container&quot;,
  	x = &quot;-20%&quot;,
  	y = 0,
  	width = ui.layout.cons.left_and_right_containers.width,
    height = ui.layout.cons.left_and_right_containers.height
  }
  
  ui.layout.cons.left_window = {
    name = &quot;left_window&quot;,
    x = 0,
  	y = 0,
    width = &quot;100%&quot;,
  	height = &quot;100%&quot;
  }
  
  ui.layout.cons.right_window = {
    name = &quot;right_window&quot;,
    x = 0,
  	y = 0,
    width = &quot;100%&quot;,
  	height = &quot;100%&quot;
  }
  
  ui.layout.cons.vitals_panel = {
    name = &quot;vitals_panel&quot;,
    x = 0,
    y = -100,
  	height = 100,
    width = &quot;100%&quot;
  }
  
  ui.layout.cons.status_panel = {
  	name = &quot;status_panel&quot;,
  	x = 0,
  	y = 0,
  	width = &quot;100%&quot;,
  	height = 140
  }
  
  ui.layout.cons.stats_panel = {
  	name = &quot;stats_panel&quot;,
  	x = 0,
  	y = 0,
  	width = &quot;100%&quot;,
  	height = 140
  }
  
  ui.layout.cons.skills_panel = {
  	name = &quot;skills_panel&quot;,
  	x = 0,
  	y = 160,
  	width = &quot;100%&quot;,
  	height = 600
  }
  
  --- stylesheets ---
  ui.layout.stylesheets = {
  	left_window = [[
    	background-color: #111;
  	]],
  
  	right_window = [[
  		background-color: #111;
  	]],
  
  	vitals_panel = [[
  		background-color: #111;
  		border-top: 1px solid white;
  	]],
  	
  	status_panel = [[
  		background-color: #111;
  		border-bottom: 1px solid white;
  	]],
  		
  	stats_panel = [[
  		background-color: #111;
  		border-bottom: 1px solid white;
  	]],
  	
  	skills_panel = [[
  		background-color: #111;
  		border-bottom: 1px solid white;
  	]]
  }
  
  
  --- refs ---
  ui.layout.main_console_container = Geyser.Container:new(ui.layout.cons.main_console_container)
  ui.layout.left_container = Geyser.Container:new(ui.layout.cons.left_container)
  ui.layout.right_container = Geyser.Container:new(ui.layout.cons.right_container)
  
  ui.layout.left_window = Geyser.Label:new(ui.layout.cons.left_window, ui.layout.left_container)
  ui.layout.left_window:setStyleSheet(ui.layout.stylesheets.left_window)
  
  ui.layout.right_window = Geyser.Label:new(ui.layout.cons.right_window, ui.layout.right_container)
  ui.layout.right_window:setStyleSheet(ui.layout.stylesheets.right_window)
  
  ui.layout.vitals_panel = Geyser.Label:new(ui.layout.cons.vitals_panel, ui.layout.left_window)
  ui.layout.vitals_panel:setStyleSheet(ui.layout.stylesheets.vitals_panel)
  
  ui.layout.status_panel = Geyser.Label:new(ui.layout.cons.status_panel, ui.layout.left_window)
  ui.layout.status_panel:setStyleSheet(ui.layout.stylesheets.status_panel)
  
  ui.layout.stats_panel = Geyser.Label:new(ui.layout.cons.stats_panel, ui.layout.right_window)
  ui.layout.stats_panel:setStyleSheet(ui.layout.stylesheets.stats_panel)
  
  ui.layout.skills_panel = Geyser.Label:new(ui.layout.cons.skills_panel, ui.layout.right_window)
  ui.layout.skills_panel:setStyleSheet(ui.layout.stylesheets.skills_panel)
  
  function ui.layout:set_main_borders()
  	local w,h = getMainWindowSize()
  	if( w ~= ui.layout.window_width) then
  		ui.layout.window_width = w
  		local cx = ui.layout.main_console_container:get_x()
  		local cw = ui.layout.main_console_container:get_width()
  		setBorderLeft(tonumber(cx))
  		setBorderRight(tonumber(w-cx-cw))
  	end
  end
  
  -- sysWindowResizeEvent handler
  function ui.layout:update_content( event, x, y )
  	if( ui.eventtimer ) then killTimer( ui.eventtimer ) end
  	ui.eventtimer = tempTimer(0, [[killTimer( &quot;ui.eventtimer&quot; ) ui.layout:set_main_borders()]])
  end
  
  -- register our function as an event handler
	ui.layout:set_main_borders()
  registerAnonymousEventHandler(&quot;sysWindowResizeEvent&quot;, &quot;ui.layout:update_content&quot;)
  ui.layout.is_loaded = true
end
</script>
            <eventHandlerList/>
            <Script isActive="no" isFolder="no">
                <name>VitalsPanelController</name>
                <packageName></packageName>
                <script>Ele = {}
Ele.UI = {}
Ele.UI.ScrollbarWidth = 15 -- Width of you scrollbar ADAPT TO SYSTEM.
Ele.UI.BottomAlign   = false -- Set to true to align to bottom

-- These variables can be used to easily change many aspects of the plugin.
-- This should be relatively easy even for people with no Lua/scripting experience.
Ele.UI.Vitals = {}
Ele.UI.Vitals.HideXPRate = false -- Set to true to hide the XP/Hour bar.
Ele.UI.Vitals.BarHeight  = 15  -- Height of the bars
Ele.UI.Vitals.BarWidth   = 200 -- Width of the bars
Ele.UI.Vitals.BarYMargin = 10 -- Vertical spacing between bars
Ele.UI.Vitals.Border     = 2 -- Thickness of the border around that surrounds the bars.
Ele.UI.Vitals.Margin     = 2 -- Size of the margin that surrounds the border.
Ele.UI.Vitals.Padding    = 2 -- Size of the padding that sits between border and bars.
Ele.UI.Vitals.Space      = (Ele.UI.Vitals.Border + Ele.UI.Vitals.Margin + Ele.UI.Vitals.Padding) -- DON'T CHANGE Total space between bars and outer edge of the statuscontainer calculated from other values. If you've read this you'll know whether you can safely change this.
Ele.UI.Vitals.Width      = Ele.UI.Vitals.BarWidth + Ele.UI.Vitals.Space * 2 -- DON'T CHANGE Width of the statuscontainer automatically calculated from other values.  If you've read this you'll know whether you can safely change this.
Ele.UI.Vitals.X          = 0
Ele.UI.Vitals.Y          = 0 -- Y coordinate of the statuscontainer that holds everything else
Ele.UI.Vitals.BarX          = Ele.UI.Vitals.Space -- X coordinate of the bars within the statuscontainer.
Ele.UI.Vitals.Barcount = 0
Ele.UI.Vitals.Gradient = {}
Ele.UI.Vitals.Gradient.Red = {}
Ele.UI.Vitals.Gradient.Yellow = {}
Ele.UI.Vitals.Gradient.Green = {}
Ele.UI.Vitals.Gradient.Lime = {}
Ele.UI.Vitals.Gradient.Blue = {}
Ele.UI.Vitals.Gradient.Red.Front = {&quot;f04141&quot;, &quot;ef2929&quot;, &quot;cc0000&quot;, &quot;a40000&quot;}
Ele.UI.Vitals.Gradient.Red.Back = {&quot;bd3333&quot;, &quot;bd2020&quot;, &quot;990000&quot;, &quot;700000&quot;}
Ele.UI.Vitals.Gradient.Yellow.Front = {&quot;f0f041&quot;, &quot;f0f029&quot;, &quot;cccc00&quot;, &quot;a3a300&quot;}
Ele.UI.Vitals.Gradient.Yellow.Back = {&quot;bdbd33&quot;, &quot;bdbd20&quot;, &quot;999900&quot;, &quot;707000&quot;}
Ele.UI.Vitals.Gradient.Green.Front = {&quot;41f041&quot;, &quot;29ef29&quot;, &quot;00cc00&quot;, &quot;00a400&quot;}
Ele.UI.Vitals.Gradient.Green.Back = {&quot;33bd33&quot;, &quot;20bd20&quot;, &quot;009900&quot;, &quot;007000&quot;}
Ele.UI.Vitals.Gradient.Lime.Front = {&quot;98f041&quot;, &quot;8cf029&quot;, &quot;66cc00&quot;, &quot;52a300&quot;}
Ele.UI.Vitals.Gradient.Lime.Back = {&quot;78bd33&quot;, &quot;6ebd20&quot;, &quot;4c9900&quot;, &quot;387000&quot;}
Ele.UI.Vitals.Gradient.Blue.Front = {&quot;4141f0&quot;, &quot;2929ef&quot;, &quot;0000cc&quot;, &quot;0000a4&quot;}
Ele.UI.Vitals.Gradient.Blue.Back = {&quot;3333bd&quot;, &quot;2020bd&quot;, &quot;000099&quot;, &quot;000070&quot;}

Ele.UI.Vitals.BarY = function (increment)
  increment = increment or 1
  return (Ele.UI.Vitals.BarYMargin + Ele.UI.Vitals.BarHeight) * (Ele.UI.Vitals.Barcount) + Ele.UI.Vitals.Space
end

Ele.UI.Vitals.createStatusBar = function (ref, cons, container)
  -- Set default parameters if they were not passed
  cons.x = cons.x or '10%'
  cons.y = cons.y or Ele.UI.Vitals.BarY()
  cons.width = '80%'
  cons.height = cons.height or Ele.UI.Vitals.BarHeight
  for k,v in ipairs(cons) do
    display(&quot;cons[&quot; .. k .. &quot;] : &quot; .. v)
  end
  ref = ref or Geyser.Gauge:new(cons, container) -- create new Gauge if ref == nil
  -- Update fields one by one, calling ref:set_constraints(cons) didn't work. This is probably due to the peculiarities of Lua referencing.
  ref.x = cons.x
  ref.y = cons.y
  ref.width = cons.width
  ref.height = cons.height
  Ele.UI.Vitals.Barcount = Ele.UI.Vitals.Barcount + 1
  return ref
end

Ele.UI.Vitals.styleStatusBar = function (bar, gradient)
  if bar == nil then return end -- Don't do anything when the bar is disabled/hidden.
  -- This style is an adaption of the MUDlet Wiki example on styling Geyser Gauges
  -- I adapted paddings specifically so that the text from Gauge.front and Gauge.back seamlessly blends.
  -- If you change the style this may have to be retweaked.
  bar.front:setStyleSheet([[background-color: QLinearGradient( x1: 0, y1: 0, x2: 0, y2: 1, stop: 0 #]] .. gradient.Front[1] .. [[, stop: 0.1 #]] .. gradient.Front[2] .. [[, stop: 0.49 #]] .. gradient.Front[3] .. [[, stop: 0.5 #]] .. gradient.Front[4] .. [[, stop: 1 #]] .. gradient.Front[3] .. [[);
    border-top: 1px black solid;
    border-left: 1px black solid;
    border-bottom: 1px black solid;
    border-radius: 7;
    padding: 1px;
    padding-right: 0px;]])
  bar.back:setStyleSheet([[background-color: QLinearGradient( x1: 0, y1: 0, x2: 0, y2: 1, stop: 0 #]] .. gradient.Front[1] .. [[, stop: 0.1 #]] .. gradient.Back[2] .. [[, stop: 0.49 #]] .. gradient.Back[3] .. [[, stop: 0.5 #]] .. gradient.Back[4] .. [[, stop: 1 #]] .. gradient.Back[3] .. [[);
    border-width: 1px;
    border-color: black;
    border-style: solid;
    border-radius: 7;
    padding: 1px;
    padding-left: 0px;]])
end

Ele.UI.Vitals.alignY = function ()
  if Ele.UI.BottomAlign then
    return (-1) * (Ele.UI.Vitals.BarY(0) + 2 * Ele.UI.Vitals.Space)
  else
    return Ele.UI.Vitals.Y
  end
end

Ele.UI.Vitals.initStatus = function ()
  Ele.UI.Vitals.Container = ui.layout.vitals_panel
  -- Ele.UI.Vitals.Styler = Ele.UI.Vitals.Styler or Geyser.Label:new({name = &quot;statuscontainer_style_label&quot;}, Ele.UI.Vitals.Container)
  -- Ele.UI.Vitals.Styler:setStyleSheet(
    -- [[background: black;
      -- border-width:    ]] .. Ele.UI.Vitals.Border .. [[px;
      -- border-color: white;
      -- border-style: solid;
      -- padding:         ]] .. Ele.UI.Vitals.Padding .. [[px;
      -- margin:          ]] .. Ele.UI.Vitals.Margin .. [[px;
      -- border-radius: 10;]])
  Ele.UI.Vitals.Barcount = 0
  -- Reorder createStatusBar lines to reorder the bars in the interface
  Ele.UI.Vitals.HPBar = Ele.UI.Vitals.createStatusBar(Ele.UI.Vitals.HPBar,{name = &quot;hpBar&quot;}, Ele.UI.Vitals.Container)
  Ele.UI.Vitals.GPBar = Ele.UI.Vitals.createStatusBar(Ele.UI.Vitals.GPBar,{name = &quot;mpBar&quot;}, Ele.UI.Vitals.Container)
  Ele.UI.Vitals.XPBar = Ele.UI.Vitals.createStatusBar(Ele.UI.Vitals.XPBar,{name = &quot;xpBar&quot;}, Ele.UI.Vitals.Container)
  Ele.UI.Vitals.BPBar = Ele.UI.Vitals.createStatusBar(Ele.UI.Vitals.BRBar,{name = &quot;spBar&quot;}, Ele.UI.Vitals.Container)
  Ele.UI.Vitals.styleStatusBar(Ele.UI.Vitals.HPBar, Ele.UI.Vitals.Gradient.Red)
  Ele.UI.Vitals.styleStatusBar(Ele.UI.Vitals.GPBar, Ele.UI.Vitals.Gradient.Yellow)
  Ele.UI.Vitals.styleStatusBar(Ele.UI.Vitals.XPBar, Ele.UI.Vitals.Gradient.Green)
  Ele.UI.Vitals.styleStatusBar(Ele.UI.Vitals.BPBar, Ele.UI.Vitals.Gradient.Blue)
  -- Ele.UI.Vitals.Container:set_constraints({x=Ele.UI.Vitals.X,y = Ele.UI.Vitals.alignY(),width = Ele.UI.Vitals.Width,height = (Ele.UI.Vitals.BarY() - Ele.UI.Vitals.BarYMargin) + Ele.UI.Vitals.Space})
  -- Ele.UI.Vitals.Styler:set_constraints({x = 0, y = 0, width = &quot;100%&quot;, height = &quot;100%&quot;})
  --Bind eventhandler for gmcp.Char.Vitals to status update function.
  registerAnonymousEventHandler(&quot;gmcp.Char.Vitals&quot;, &quot;Ele.UI.Vitals.update&quot;)
end

Ele.UI.Vitals.updateStatusBar = function (bar, barname, bmin, bmax)
  if bar then
    bar:setValue(bmin &gt; bmax and bmax or bmin, bmax, string.format(&quot;%s: [%d/%d]&quot;, barname, bmin, bmax))
  end
end

Ele.UI.Vitals.update = function ()
  Ele.UI.Vitals.updateStatusBar(Ele.UI.Vitals.HPBar, &quot;HP&quot;, gmcp.Char.Vitals.hp, gmcp.Char.Vitals.maxhp)
  Ele.UI.Vitals.updateStatusBar(Ele.UI.Vitals.GPBar, &quot;MP&quot;, gmcp.Char.Vitals.mp, gmcp.Char.Vitals.maxmp)
  Ele.UI.Vitals.updateStatusBar(Ele.UI.Vitals.BPBar, &quot;SP&quot;, gmcp.Char.Vitals.sp, gmcp.Char.Vitals.maxsp)
  Ele.UI.Vitals.updateStatusBar(Ele.UI.Vitals.XPBar, &quot;XP&quot;, gmcp.Char.Vitals.exp, gmcp.Char.Vitals.maxexp)
end

Ele.UI.Vitals.initStatus()
</script>
                <eventHandlerList/>
            </Script>
            <Script isActive="no" isFolder="no">
                <name>StatusPanelController</name>
                <packageName></packageName>
                <script>ui.status_panel = {
	is_rendered = false
}
ui.status_panel.attr_labels = nil
ui.status_panel.cons = {
  attr_label = {
      height = 20
  }
}

function capitalize(str)
  return (str:gsub(&quot;^%l&quot;, string.upper))
end

function ui.status_panel:create_attr_label(attr, pos_y, val)
  local label = Geyser.Label:new({
      name = &quot;attr_label_&quot; .. attr:lower(),
      x = &quot;10%&quot;,
      y = pos_y .. &quot;pt&quot;,
      width = &quot;80%&quot;,
      height = ui.status_panel.cons.attr_label.height .. &quot;pt&quot;,
      fgColor = 'white'
  }, ui.layout.status_panel)
  label:setFontSize(10)
  label:setStyleSheet([[
		qproperty-alignment: 'AlignVCenter';
  	background-color: #111;
  ]])
  label:echo(&quot;&lt;p&gt;&lt;b&gt;&quot;..capitalize(attr) .. &quot;:&lt;/b&gt; &quot; .. val .. &quot;&lt;/p&gt;&quot;)
	return label
end

function ui.status_panel:init_attr_labels()
  if gmcp and gmcp.Char and not (next(gmcp.Char.Status) == nil) then
		ui.status_panel.attr_labels = {}
    local idx = 0
    for attr, value in pairs(gmcp.Char.Status) do
			ui.status_panel.attr_labels[attr] = ui.status_panel:create_attr_label(attr, ui.status_panel.cons.attr_label.height * idx, value)        
      idx = idx + 1
    end
		ui.status_panel.is_rendered = true
  end
end

function ui.status_panel:update_attr_labels()
	if not ui.status_panel.attr_labels then
		ui.status_panel:init_attr_labels()
	else
    for attr, value in pairs(gmcp.Char.Status) do
			ui.status_panel.attr_labels[attr]:echo(&quot;&lt;p&gt;&lt;b&gt;&quot;..capitalize(attr) .. &quot;:&lt;/b&gt; &quot; .. value .. &quot;&lt;/p&gt;&quot;)
    end
	end
end

ui.status_panel:init_attr_labels()
registerAnonymousEventHandler(&quot;gmcp.Char.Status&quot;, &quot;ui.status_panel.update_attr_labels&quot;)</script>
                <eventHandlerList/>
            </Script>
            <Script isActive="no" isFolder="no">
                <name>StatsPanelController</name>
                <packageName></packageName>
                <script>ui.stats_panel = {
	is_rendered = false
}
ui.stats_panel.stat_labels = nil
ui.stats_panel.cons = {
  stat_label = {
      height = 20
  }
}

function capitalize(str)
  return (str:gsub(&quot;^%l&quot;, string.upper))
end

function ui.stats_panel:create_stat_label(stat, pos_y, val)
  local label = Geyser.Label:new({
      name = &quot;stat_label_&quot; .. stat:lower(),
      x = &quot;10%&quot;,
      y = pos_y .. &quot;pt&quot;,
      width = &quot;80%&quot;,
      height = ui.stats_panel.cons.stat_label.height .. &quot;pt&quot;,
      fgColor = 'white'
  }, ui.layout.stats_panel)
  label:setFontSize(10)
  label:setStyleSheet([[
		qproperty-alignment: 'AlignVCenter';
		background-color: '#111';
  ]])
  label:echo([[&lt;p style=&quot;text-align: middle;&quot;&gt;&lt;b&gt;]]..capitalize(stat) ..[[:&lt;/b&gt; ]] .. val .. [[&lt;/p&gt;]])
	return label
end

function ui.stats_panel:init_stat_labels()
  if gmcp and gmcp.Char and not (next(gmcp.Char.Stats) == nil) then
		ui.stats_panel.stat_labels = {}
    local idx = 0
    for stat, value in pairs(gmcp.Char.Stats) do
			ui.stats_panel.stat_labels[stat] = ui.stats_panel:create_stat_label(stat, ui.stats_panel.cons.stat_label.height * idx, value)
      idx = idx + 1
    end
		ui.stats_panel.is_rendered = true
  end
end

function ui.stats_panel:update_stat_labels()
	if not ui.stats_panel.stat_labels then
		ui.stats_panel:init_stat_labels()
	else
    for stat, value in pairs(gmcp.Char.Stats) do
			ui.stats_panel.stat_labels[stat]:echo(&quot;&lt;p&gt;&lt;b&gt;&quot;..capitalize(stat) .. &quot;:&lt;/b&gt; &quot; .. value .. &quot;&lt;/p&gt;&quot;)
    end
	end
end

ui.stats_panel:init_stat_labels()
registerAnonymousEventHandler(&quot;gmcp.Char.Stats&quot;, &quot;ui.stats_panel.update_stat_labels&quot;)
</script>
                <eventHandlerList/>
            </Script>
            <Script isActive="no" isFolder="no">
                <name>SkillsPanelController</name>
                <packageName></packageName>
                <script>ui.skills_panel = {
	is_rendered = false
}
ui.skills_panel.skill_labels = nil
ui.skills_panel.cons = {
  skill_label = {
      height = 20
  }
}

function capitalize(str)
  return (str:gsub(&quot;^%l&quot;, string.upper))
end

function ui.skills_panel:create_skill_label(skill, pos_y, val)
  local label = Geyser.Label:new({
      name = &quot;skill_label_&quot; .. skill:lower(),
      x = &quot;10%&quot;,
      y = pos_y .. &quot;pt&quot;,
      width = &quot;80%&quot;,
      height = ui.skills_panel.cons.skill_label.height .. &quot;pt&quot;,
      fgColor = 'white'
  }, ui.layout.skills_panel)
  label:setFontSize(10)
  label:setStyleSheet([[
		qproperty-alignment: 'AlignVCenter';
  	background-color: #111;
  ]])
  label:echo(&quot;&lt;p&gt;&lt;b&gt;&quot;..capitalize(skill) .. &quot;:&lt;/b&gt; &quot; .. val .. &quot;&lt;/p&gt;&quot;)
	return label
end

function ui.skills_panel:init_skill_labels()
  if gmcp and gmcp.Char and not (next(gmcp.Char.Skills) == nil) then
		ui.skills_panel.skill_labels = {}
    local idx = 0
    for skill, value in pairs(gmcp.Char.Skills) do
			ui.skills_panel.skill_labels[skill] = ui.skills_panel:create_skill_label(skill, ui.skills_panel.cons.skill_label.height * idx, value)
      idx = idx + 1
    end
		ui.skills_panel.is_rendered = true
  end
end

function ui.skills_panel:update_skill_labels()
	if not ui.skills_panel.skill_labels then
		ui.skills_panel:init_skill_labels()
	else
    for skill, value in pairs(gmcp.Char.Skills) do
			ui.skills_panel.skill_labels[skill]:echo(&quot;&lt;p&gt;&lt;b&gt;&quot;..capitalize(skill) .. &quot;:&lt;/b&gt; &quot; .. value .. &quot;&lt;/p&gt;&quot;)
    end
	end
end

ui.skills_panel:init_skill_labels()
registerAnonymousEventHandler(&quot;gmcp.Char.Skills&quot;, &quot;ui.skills_panel.update_skill_labels&quot;)</script>
                <eventHandlerList/>
            </Script>
        </Script>
    </ScriptPackage>
    <KeyPackage/>
</MudletPackage>
