<?xml version="1.0" encoding="UTF-8"?>
<!DOCTYPE MudletPackage>
<MudletPackage version="1.001">
    <TriggerPackage/>
    <TimerPackage/>
    <AliasPackage/>
    <ActionPackage/>
    <ScriptPackage>
        <Script isActive="no" isFolder="no">
            <name>LayoutController</name>
            <packageName></packageName>
            <script>setBorderLeft(200)

ui = ui or {}
ui.layout = ui.Layout or {}
ui.left_container_width, ui.right_container_width = &quot;200&quot;
ui.left_container_height, ui.right_container_height = &quot;100%&quot;
ui.left_container_position = {
 x = 0,
 y = 0
}

ui.right_container_position = {
  x = -200,
  y = 0
}

ui.container_border_width = 1
ui.container_border_color = 'white'

ui.left_container = Geyser.Container:new({
  name = &quot;left_container&quot;,
  x = ui.left_container_position.x,
	y = ui.left_container_position.y,               
  width = ui.left_container_width,
	height= ui.left_container_height
})

ui.left_container_window = Geyser.Label:new({
  name = &quot;left_container&quot;,
  x = 0,
	y = 0, 
  width = &quot;100%&quot;,
	height= &quot;100%&quot;
}, ui.left_container)

ui.right_container = Geyser.Container:new({
  name = &quot;right_container&quot;,
  x = ui.right_container_position.x,
	y = ui.right_container_position.y,               
  width = ui.right_container_width,
	height= ui.right_container_height
})
</script>
            <eventHandlerList/>
            <Script isActive="no" isFolder="no">
                <name>VitalsController</name>
                <packageName></packageName>
                <script>Ele = {}
Ele.UI = {}
Ele.UI.ScrollbarWidth = 15 -- Width of you scrollbar ADAPT TO SYSTEM.
Ele.UI.BottomAlign   = false -- Set to true to align to bottom

-- These variables can be used to easily change many aspects of the plugin.
-- This should be relatively easy even for people with no Lua/scripting experience.
Ele.UI.Vitals = {}
Ele.UI.Vitals.HideXPRate = false -- Set to true to hide the XP/Hour bar.
Ele.UI.Vitals.BarHeight  = 15  -- Height of the bars
Ele.UI.Vitals.BarWidth   = 200 -- Width of the bars
Ele.UI.Vitals.BarYMargin = 10 -- Vertical spacing between bars
Ele.UI.Vitals.Border     = 2 -- Thickness of the border around that surrounds the bars.
Ele.UI.Vitals.Margin     = 2 -- Size of the margin that surrounds the border.
Ele.UI.Vitals.Padding    = 2 -- Size of the padding that sits between border and bars.
Ele.UI.Vitals.Space      = (Ele.UI.Vitals.Border + Ele.UI.Vitals.Margin + Ele.UI.Vitals.Padding) -- DON'T CHANGE Total space between bars and outer edge of the statuscontainer calculated from other values. If you've read this you'll know whether you can safely change this.
Ele.UI.Vitals.Width      = Ele.UI.Vitals.BarWidth + Ele.UI.Vitals.Space * 2 -- DON'T CHANGE Width of the statuscontainer automatically calculated from other values.  If you've read this you'll know whether you can safely change this.
Ele.UI.Vitals.X          = 0
Ele.UI.Vitals.Y          = 0 -- Y coordinate of the statuscontainer that holds everything else
Ele.UI.Vitals.BarX          = Ele.UI.Vitals.Space -- X coordinate of the bars within the statuscontainer.
Ele.UI.Vitals.Barcount = 0
Ele.UI.Vitals.Gradient = {}
Ele.UI.Vitals.Gradient.Red = {}
Ele.UI.Vitals.Gradient.Yellow = {}
Ele.UI.Vitals.Gradient.Green = {}
Ele.UI.Vitals.Gradient.Lime = {}
Ele.UI.Vitals.Gradient.Blue = {}
Ele.UI.Vitals.Gradient.Red.Front = {&quot;f04141&quot;, &quot;ef2929&quot;, &quot;cc0000&quot;, &quot;a40000&quot;}
Ele.UI.Vitals.Gradient.Red.Back = {&quot;bd3333&quot;, &quot;bd2020&quot;, &quot;990000&quot;, &quot;700000&quot;}
Ele.UI.Vitals.Gradient.Yellow.Front = {&quot;f0f041&quot;, &quot;f0f029&quot;, &quot;cccc00&quot;, &quot;a3a300&quot;}
Ele.UI.Vitals.Gradient.Yellow.Back = {&quot;bdbd33&quot;, &quot;bdbd20&quot;, &quot;999900&quot;, &quot;707000&quot;}
Ele.UI.Vitals.Gradient.Green.Front = {&quot;41f041&quot;, &quot;29ef29&quot;, &quot;00cc00&quot;, &quot;00a400&quot;}
Ele.UI.Vitals.Gradient.Green.Back = {&quot;33bd33&quot;, &quot;20bd20&quot;, &quot;009900&quot;, &quot;007000&quot;}
Ele.UI.Vitals.Gradient.Lime.Front = {&quot;98f041&quot;, &quot;8cf029&quot;, &quot;66cc00&quot;, &quot;52a300&quot;}
Ele.UI.Vitals.Gradient.Lime.Back = {&quot;78bd33&quot;, &quot;6ebd20&quot;, &quot;4c9900&quot;, &quot;387000&quot;}
Ele.UI.Vitals.Gradient.Blue.Front = {&quot;4141f0&quot;, &quot;2929ef&quot;, &quot;0000cc&quot;, &quot;0000a4&quot;}
Ele.UI.Vitals.Gradient.Blue.Back = {&quot;3333bd&quot;, &quot;2020bd&quot;, &quot;000099&quot;, &quot;000070&quot;}

Ele.UI.Vitals.BarY = function (increment)
  increment = increment or 1
  return (Ele.UI.Vitals.BarYMargin + Ele.UI.Vitals.BarHeight) * (Ele.UI.Vitals.Barcount) + Ele.UI.Vitals.Space
end

Ele.UI.Vitals.createStatusBar = function (ref, cons, container)
  -- Set default parameters if they were not passed
  cons.x = cons.x or '10%'
  cons.y = cons.y or Ele.UI.Vitals.BarY()
  cons.width = '80%'
  cons.height = cons.height or Ele.UI.Vitals.BarHeight
  for k,v in ipairs(cons) do
    display(&quot;cons[&quot; .. k .. &quot;] : &quot; .. v)
  end
  ref = ref or Geyser.Gauge:new(cons, container) -- create new Gauge if ref == nil
  -- Update fields one by one, calling ref:set_constraints(cons) didn't work. This is probably due to the peculiarities of Lua referencing.
  ref.x = cons.x
  ref.y = cons.y
  ref.width = cons.width
  ref.height = cons.height
  Ele.UI.Vitals.Barcount = Ele.UI.Vitals.Barcount + 1
  return ref
end

Ele.UI.Vitals.styleStatusBar = function (bar, gradient)
  if bar == nil then return end -- Don't do anything when the bar is disabled/hidden.
  -- This style is an adaption of the MUDlet Wiki example on styling Geyser Gauges
  -- I adapted paddings specifically so that the text from Gauge.front and Gauge.back seamlessly blends.
  -- If you change the style this may have to be retweaked.
  bar.front:setStyleSheet([[background-color: QLinearGradient( x1: 0, y1: 0, x2: 0, y2: 1, stop: 0 #]] .. gradient.Front[1] .. [[, stop: 0.1 #]] .. gradient.Front[2] .. [[, stop: 0.49 #]] .. gradient.Front[3] .. [[, stop: 0.5 #]] .. gradient.Front[4] .. [[, stop: 1 #]] .. gradient.Front[3] .. [[);
    border-top: 1px black solid;
    border-left: 1px black solid;
    border-bottom: 1px black solid;
    border-radius: 7;
    padding: 1px;
    padding-right: 0px;]])
  bar.back:setStyleSheet([[background-color: QLinearGradient( x1: 0, y1: 0, x2: 0, y2: 1, stop: 0 #]] .. gradient.Front[1] .. [[, stop: 0.1 #]] .. gradient.Back[2] .. [[, stop: 0.49 #]] .. gradient.Back[3] .. [[, stop: 0.5 #]] .. gradient.Back[4] .. [[, stop: 1 #]] .. gradient.Back[3] .. [[);
    border-width: 1px;
    border-color: black;
    border-style: solid;
    border-radius: 7;
    padding: 1px;
    padding-left: 0px;]])
end

Ele.UI.Vitals.alignY = function ()
  if Ele.UI.BottomAlign then
    return (-1) * (Ele.UI.Vitals.BarY(0) + 2 * Ele.UI.Vitals.Space)
  else
    return Ele.UI.Vitals.Y
  end
end

Ele.UI.Vitals.initStatus = function ()
  Ele.UI.Vitals.Container = ui.left_container_window 
  -- Ele.UI.Vitals.Styler = Ele.UI.Vitals.Styler or Geyser.Label:new({name = &quot;statuscontainer_style_label&quot;}, Ele.UI.Vitals.Container)
  -- Ele.UI.Vitals.Styler:setStyleSheet(
    -- [[background: black;
      -- border-width:    ]] .. Ele.UI.Vitals.Border .. [[px;
      -- border-color: white;
      -- border-style: solid;
      -- padding:         ]] .. Ele.UI.Vitals.Padding .. [[px;
      -- margin:          ]] .. Ele.UI.Vitals.Margin .. [[px;
      -- border-radius: 10;]])
  Ele.UI.Vitals.Barcount = 0
  -- Reorder createStatusBar lines to reorder the bars in the interface
  Ele.UI.Vitals.HPBar = Ele.UI.Vitals.createStatusBar(Ele.UI.Vitals.HPBar,{name = &quot;hpBar&quot;}, Ele.UI.Vitals.Container)
  Ele.UI.Vitals.GPBar = Ele.UI.Vitals.createStatusBar(Ele.UI.Vitals.GPBar,{name = &quot;mpBar&quot;}, Ele.UI.Vitals.Container)
  Ele.UI.Vitals.XPBar = Ele.UI.Vitals.createStatusBar(Ele.UI.Vitals.XPBar,{name = &quot;xpBar&quot;}, Ele.UI.Vitals.Container)
  Ele.UI.Vitals.BPBar = Ele.UI.Vitals.createStatusBar(Ele.UI.Vitals.BRBar,{name = &quot;spBar&quot;}, Ele.UI.Vitals.Container)
  Ele.UI.Vitals.styleStatusBar(Ele.UI.Vitals.HPBar, Ele.UI.Vitals.Gradient.Red)
  Ele.UI.Vitals.styleStatusBar(Ele.UI.Vitals.GPBar, Ele.UI.Vitals.Gradient.Yellow)
  Ele.UI.Vitals.styleStatusBar(Ele.UI.Vitals.XPBar, Ele.UI.Vitals.Gradient.Green)
  Ele.UI.Vitals.styleStatusBar(Ele.UI.Vitals.BPBar, Ele.UI.Vitals.Gradient.Blue)
  -- Ele.UI.Vitals.Container:set_constraints({x=Ele.UI.Vitals.X,y = Ele.UI.Vitals.alignY(),width = Ele.UI.Vitals.Width,height = (Ele.UI.Vitals.BarY() - Ele.UI.Vitals.BarYMargin) + Ele.UI.Vitals.Space})
  -- Ele.UI.Vitals.Styler:set_constraints({x = 0, y = 0, width = &quot;100%&quot;, height = &quot;100%&quot;})
  --Bind eventhandler for gmcp.Char.Vitals to status update function.
  registerAnonymousEventHandler(&quot;gmcp.Char.Vitals&quot;, &quot;Ele.UI.Vitals.update&quot;)
end

Ele.UI.Vitals.updateStatusBar = function (bar, barname, bmin, bmax)
  if bar then
    bar:setValue(bmin &gt; bmax and bmax or bmin, bmax, string.format(&quot;%s: [%d/%d]&quot;, barname, bmin, bmax))
  end
end

Ele.UI.Vitals.update = function ()
  Ele.UI.Vitals.updateStatusBar(Ele.UI.Vitals.HPBar, &quot;HP&quot;, gmcp.Char.Vitals.hp, gmcp.Char.Vitals.maxhp)
  Ele.UI.Vitals.updateStatusBar(Ele.UI.Vitals.GPBar, &quot;MP&quot;, gmcp.Char.Vitals.mp, gmcp.Char.Vitals.maxmp)
  Ele.UI.Vitals.updateStatusBar(Ele.UI.Vitals.BPBar, &quot;SP&quot;, gmcp.Char.Vitals.sp, gmcp.Char.Vitals.maxsp)
  Ele.UI.Vitals.updateStatusBar(Ele.UI.Vitals.XPBar, &quot;XP&quot;, gmcp.Char.Vitals.exp, gmcp.Char.Vitals.maxexp)
end

Ele.UI.Vitals.initStatus()
</script>
                <eventHandlerList/>
            </Script>
        </Script>
    </ScriptPackage>
    <KeyPackage/>
</MudletPackage>
